id,date,user,label,technique_ids,risk_state
e000010161,01/01/2024 07:06:51,ds-008,anomalous_benign,,0.0
e000009412,01/01/2024 08:23:58,ds-002,anomalous_benign,,0.0
e000009710,01/01/2024 09:31:40,ds-005,anomalous_benign,,0.0
e000010306,01/01/2024 09:57:05,ds-008,anomalous_benign,,0.0
e000010884,01/01/2024 10:33:17,it-001,anomalous_benign,,0.0
e000008003,01/01/2024 15:56:50,pm-002,anomalous_benign,,0.0
e000009855,01/01/2024 16:27:09,ds-005,anomalous_benign,,0.0
e000026025,01/02/2024 08:18:14,ds-008,anomalous_benign,,0.0
e000029949,01/02/2024 08:23:44,hr-004,anomalous_benign,,0.0
e000025560,01/02/2024 08:54:36,ds-005,anomalous_benign,,0.0
e000029820,01/02/2024 09:37:30,hr-003,anomalous_benign,,0.0
e000025718,01/02/2024 10:38:55,ds-005,anomalous_benign,,0.0
e000030993,01/02/2024 12:34:42,fin-006,anomalous_benign,,0.0
e000026142,01/02/2024 12:51:30,ds-008,anomalous_benign,,0.0
e000026423,01/02/2024 14:18:39,ds-010,anomalous_benign,,0.0
e000017823,01/02/2024 18:00:36,eng-017,anomalous_benign,,0.0
e000024855,01/02/2024 18:00:36,pm-011,anomalous_benign,,0.0
e000028962,01/02/2024 18:00:36,sales-011,anomalous_benign,,0.0
e000041017,01/03/2024 06:52:39,ds-005,anomalous_benign,,0.0
e000041446,01/03/2024 09:10:47,ds-008,anomalous_benign,,0.0
e000041167,01/03/2024 09:51:16,ds-005,anomalous_benign,,0.0
e000035137,01/03/2024 11:15:06,eng-031,anomalous_benign,,0.0
e000044490,01/03/2024 11:30:45,sales-011,anomalous_benign,,0.0
e000040329,01/03/2024 13:30:39,pm-011,anomalous_benign,,0.0
e000041588,01/03/2024 13:45:11,ds-008,anomalous_benign,,0.0
e000037367,01/03/2024 13:47:44,sre-006,anomalous_benign,,0.0
e000045203,01/03/2024 15:52:27,hr-002,anomalous_benign,,0.0
e000055884,01/04/2024 08:00:00,pm-011,anomalous_benign,,0.0
e000055885,01/04/2024 08:01:30,pm-011,anomalous_benign,,0.0
e000057078,01/04/2024 09:10:30,ds-008,anomalous_benign,,0.0
e000060488,01/04/2024 14:16:06,sales-014,anomalous_benign,,0.0
e000057203,01/04/2024 14:45:15,ds-008,anomalous_benign,,0.0
e000047508,01/04/2024 17:10:47,eng-004,anomalous_benign,,0.0
e000071701,01/05/2024 08:51:13,pm-011,anomalous_benign,,0.0
e000072845,01/05/2024 09:18:03,ds-008,anomalous_benign,,0.0
e000073009,01/05/2024 11:20:36,ds-008,anomalous_benign,,0.0
e000075904,01/05/2024 13:35:44,sales-012,anomalous_benign,,0.0
e000065694,01/05/2024 18:00:36,eng-027,anomalous_benign,,0.0
e000065696,01/05/2024 18:00:36,eng-027,anomalous_benign,,0.0
