id,date,user,pc,activity
e000010148,01/01/2024 08:23:42,ds-007,HOST-DS-007,Connect
e000009412,01/01/2024 08:23:58,ds-002,HOST-DS-002,Connect
e000006366,01/01/2024 08:39:13,sre-008,HOST-SRE-008,Connect
e000010884,01/01/2024 10:33:17,it-001,HOST-IT-001,Connect
e000006367,01/01/2024 14:12:09,sre-008,HOST-SRE-008,Connect
e000006775,01/01/2024 15:03:07,sre-011,HOST-SRE-011,Connect
e000008003,01/01/2024 15:56:50,pm-002,HOST-PM-002,Connect
e000009855,01/01/2024 16:27:09,ds-005,HOST-DS-005,Connect
e000010149,01/01/2024 16:36:48,ds-007,HOST-DS-007,Connect
e000012784,01/01/2024 17:40:43,sales-008,HOST-SALES-008,Connect
e000009104,01/01/2024 18:00:36,pm-012,HOST-PM-012,Connect
e000008542,01/01/2024 19:29:47,pm-007,HOST-PM-007,Connect
e000010006,01/01/2024 22:04:28,ds-006,HOST-DS-006,Connect
e000014088,01/01/2024 22:19:25,hr-003,HOST-HR-003,Connect
e000029949,01/02/2024 08:23:44,hr-004,HOST-HR-004,Connect
e000024627,01/02/2024 08:27:44,pm-009,HOST-PM-009,Connect
e000021158,01/02/2024 09:35:53,sre-002,HOST-SRE-002,Connect
e000029820,01/02/2024 09:37:30,hr-003,HOST-HR-003,Connect
e000026590,01/02/2024 11:55:57,ds-011,HOST-DS-011,Connect
e000030993,01/02/2024 12:34:42,fin-006,HOST-FIN-006,Connect
e000026423,01/02/2024 14:18:39,ds-010,HOST-DS-010,Connect
e000027431,01/02/2024 16:11:50,it-006,HOST-IT-006,Connect
e000017372,01/02/2024 17:26:04,eng-013,HOST-ENG-013,Connect
e000017823,01/02/2024 18:00:36,eng-017,HOST-ENG-017,Connect
e000024855,01/02/2024 18:00:36,pm-011,HOST-PM-011,Connect
e000028962,01/02/2024 18:00:36,sales-011,HOST-SALES-011,Connect
e000028405,01/02/2024 20:02:16,sales-007,HOST-SALES-007,Connect
e000039474,01/03/2024 09:39:48,pm-003,HOST-PM-003,Connect
e000046284,01/03/2024 10:48:27,fin-004,HOST-FIN-004,Connect
e000035137,01/03/2024 11:15:06,eng-031,HOST-ENG-031,Connect
e000044910,01/03/2024 11:16:12,sales-014,HOST-SALES-014,Connect
e000044490,01/03/2024 11:30:45,sales-011,HOST-SALES-011,Connect
e000035993,01/03/2024 11:36:06,eng-038,HOST-ENG-038,Connect
e000037367,01/03/2024 13:47:44,sre-006,HOST-SRE-006,Connect
e000039905,01/03/2024 15:08:12,pm-007,HOST-PM-007,Connect
e000045203,01/03/2024 15:52:27,hr-002,HOST-HR-002,Connect
e000038675,01/03/2024 21:15:26,sec-003,HOST-SEC-003,Connect
e000057830,01/04/2024 09:09:29,it-002,HOST-IT-002,Connect
e000057702,01/04/2024 11:02:11,it-001,HOST-IT-001,Connect
