id,date,user,pc,filename,activity
e000007022,01/01/2024 08:00:11,sec-001,HOST-SEC-001,/share/prod_db/f4807,Open
e000008429,01/01/2024 08:01:05,pm-006,HOST-PM-006,/share/customer_list/f2524,Copy
e000014203,01/01/2024 08:01:32,hr-004,HOST-HR-004,/share/payroll/f5336,Open
e000014498,01/01/2024 08:01:46,hr-006,HOST-HR-006,/share/payroll/f5988,Copy
e000006643,01/01/2024 08:02:08,sre-010,HOST-SRE-010,/share/pii/f4722,Copy
e000005627,01/01/2024 08:02:40,sre-003,HOST-SRE-003,/share/prod_db/f2499,Open
e000014496,01/01/2024 08:02:45,hr-006,HOST-HR-006,/share/hr_records/f473,Open
e000011299,01/01/2024 08:02:46,it-004,HOST-IT-004,/share/mail_admin/f8698,Open
e000002101,01/01/2024 08:02:50,eng-017,HOST-ENG-017,/share/ci_secrets/f1864,Copy
e000009682,01/01/2024 08:02:50,ds-004,HOST-DS-004,/share/analytics/f5596,Open
e000014657,01/01/2024 08:02:53,fin-001,HOST-FIN-001,/share/payroll/f6264,Delete
e000007302,01/01/2024 08:03:11,sec-003,HOST-SEC-003,/share/pii/f2674,Copy
e000008873,01/01/2024 08:03:27,pm-010,HOST-PM-010,/share/customer_list/f2208,Open
e000009666,01/01/2024 08:03:35,ds-004,HOST-DS-004,/share/pii/f2668,Copy
e000001975,01/01/2024 08:03:50,eng-016,HOST-ENG-016,/share/ci_secrets/f79,Write
e000008987,01/01/2024 08:03:51,pm-011,HOST-PM-011,/share/roadmap/f4212,Delete
e000012187,01/01/2024 08:04:02,sales-004,HOST-SALES-004,/share/pricing/f7940,Open
e000011895,01/01/2024 08:04:40,sales-002,HOST-SALES-002,/share/pricing/f5074,Write
e000007326,01/01/2024 08:04:46,sec-003,HOST-SEC-003,/share/pii/f5841,Copy
e000012326,01/01/2024 08:04:49,sales-005,HOST-SALES-005,/share/customer_list/f9783,Write
e000008966,01/01/2024 08:04:54,pm-011,HOST-PM-011,/share/roadmap/f9778,Open
e000014062,01/01/2024 08:04:57,hr-003,HOST-HR-003,/share/hr_records/f6028,Open
e000005611,01/01/2024 08:05:01,sre-003,HOST-SRE-003,/share/ci_secrets/f5521,Write
e000011458,01/01/2024 08:05:11,it-005,HOST-IT-005,/share/mail_admin/f945,Write
e000010444,01/01/2024 08:05:15,ds-009,HOST-DS-009,/share/analytics/f7321,Copy
e000008867,01/01/2024 08:05:20,pm-010,HOST-PM-010,/share/roadmap/f9714,Open
e000005479,01/01/2024 08:05:28,sre-002,HOST-SRE-002,/share/prod_db/f6451,Open
e000006756,01/01/2024 08:05:40,sre-011,HOST-SRE-011,/share/pii/f1576,Open
e000003661,01/01/2024 08:05:53,eng-030,HOST-ENG-030,/share/ci_secrets/f790,Open
e000000676,01/01/2024 08:05:54,eng-005,HOST-ENG-005,/share/ci_secrets/f9198,Copy
e000003512,01/01/2024 08:06:00,eng-029,HOST-ENG-029,/share/source_code/f7073,Delete
e000014379,01/01/2024 08:06:11,hr-005,HOST-HR-005,/share/hr_records/f156,Delete
e000005901,01/01/2024 08:06:54,sre-005,HOST-SRE-005,/share/pii/f271,Open
e000010278,01/01/2024 08:06:56,ds-008,HOST-DS-008,/share/pii/f5912,Delete
e000014860,01/01/2024 08:06:57,fin-003,HOST-FIN-003,/share/payroll/f761,Open
e000005466,01/01/2024 08:07:09,sre-002,HOST-SRE-002,/share/pii/f9306,Open
e000006345,01/01/2024 08:07:09,sre-008,HOST-SRE-008,/share/ci_secrets/f9123,Open
e000003886,01/01/2024 08:07:11,eng-032,HOST-ENG-032,/share/ci_secrets/f462,Open
e000004511,01/01/2024 08:07:18,eng-037,HOST-ENG-037,/share/source_code/f3328,Open
