id,date,user,pc,to,from,size,attachments,activity
e000004899,01/01/2024 08:00:59,eng-041,HOST-ENG-041,team@corp.example,eng-041@corp.example,12,0,Send
e000013528,01/01/2024 08:02:19,sales-014,HOST-SALES-014,team@corp.example,sales-014@corp.example,99,0,Send
e000007228,01/01/2024 08:02:50,sec-003,HOST-SEC-003,team@corp.example,sec-003@corp.example,1,0,Send
e000011214,01/01/2024 08:03:23,it-004,HOST-IT-004,internal@corp.example,it-004@corp.example,44,0,Send
e000005964,01/01/2024 08:03:32,sre-006,HOST-SRE-006,team@corp.example,sre-006@corp.example,34,0,Send
e000013689,01/01/2024 08:03:50,hr-001,HOST-HR-001,team@corp.example,hr-001@corp.example,108,0,Send
e000009122,01/01/2024 08:04:19,ds-001,HOST-DS-001,team@corp.example,ds-001@corp.example,39,0,Send
e000008248,01/01/2024 08:04:38,pm-005,HOST-PM-005,team@corp.example,pm-005@corp.example,18,1,Send
e000010927,01/01/2024 08:05:40,it-002,HOST-IT-002,team@corp.example,it-002@corp.example,21,0,Send
e000011508,01/01/2024 08:06:11,it-006,HOST-IT-006,team@corp.example,it-006@corp.example,10,0,Send
e000008369,01/01/2024 08:06:17,pm-006,HOST-PM-006,internal@corp.example,pm-006@corp.example,263,0,Send
e000008666,01/01/2024 08:06:52,pm-009,HOST-PM-009,team@corp.example,pm-009@corp.example,24,0,Send
e000015587,01/01/2024 08:07:02,exec-003,HOST-EXEC-003,team@corp.example,exec-003@corp.example,13,0,Send
e000001664,01/01/2024 08:07:11,eng-014,HOST-ENG-014,team@corp.example,eng-014@corp.example,10,0,Send
e000000993,01/01/2024 08:07:59,eng-008,HOST-ENG-008,team@corp.example,eng-008@corp.example,69,1,Send
e000009577,01/01/2024 08:08:45,ds-004,HOST-DS-004,team@corp.example,ds-004@corp.example,8,0,Send
e000012950,01/01/2024 08:08:57,sales-010,HOST-SALES-010,team@corp.example,sales-010@corp.example,37,0,Send
e000011941,01/01/2024 08:09:08,sales-003,HOST-SALES-003,internal@corp.example,sales-003@corp.example,6,1,Send
e000007496,01/01/2024 08:09:11,sec-005,HOST-SEC-005,team@corp.example,sec-005@corp.example,12,0,Send
e000006692,01/01/2024 08:09:19,sre-011,HOST-SRE-011,team@corp.example,sre-011@corp.example,93,0,Send
e000000610,01/01/2024 08:09:20,eng-005,HOST-ENG-005,team@corp.example,eng-005@corp.example,42,0,Send
e000005232,01/01/2024 08:10:03,sre-001,HOST-SRE-001,team@corp.example,sre-001@corp.example,10,0,Send
e000001663,01/01/2024 08:10:58,eng-014,HOST-ENG-014,team@corp.example,eng-014@corp.example,36,0,Send
e000012953,01/01/2024 08:11:25,sales-010,HOST-SALES-010,team@corp.example,sales-010@corp.example,7,0,Send
e000012091,01/01/2024 08:12:06,sales-004,HOST-SALES-004,team@corp.example,sales-004@corp.example,4,0,Send
e000005822,01/01/2024 08:12:30,sre-005,HOST-SRE-005,team@corp.example,sre-005@corp.example,12,1,Send
e000007644,01/01/2024 08:13:11,sec-006,HOST-SEC-006,team@corp.example,sec-006@corp.example,47,1,Send
e000008555,01/01/2024 08:13:30,pm-008,HOST-PM-008,internal@corp.example,pm-008@corp.example,48,1,Send
e000000994,01/01/2024 08:14:20,eng-008,HOST-ENG-008,team@corp.example,eng-008@corp.example,13,1,Send
e000013701,01/01/2024 08:16:00,hr-001,HOST-HR-001,team@corp.example,hr-001@corp.example,15,1,Send
e000015054,01/01/2024 08:16:31,fin-005,HOST-FIN-005,internal@corp.example,fin-005@corp.example,14,1,Send
e000011218,01/01/2024 08:16:32,it-004,HOST-IT-004,internal@corp.example,it-004@corp.example,36,0,Send
e000012656,01/01/2024 08:16:36,sales-008,HOST-SALES-008,internal@corp.example,sales-008@corp.example,84,0,Send
e000007224,01/01/2024 08:17:07,sec-003,HOST-SEC-003,team@corp.example,sec-003@corp.example,24,0,Send
e000015586,01/01/2024 08:17:08,exec-003,HOST-EXEC-003,team@corp.example,exec-003@corp.example,23,0,Send
e000003815,01/01/2024 08:17:22,eng-032,HOST-ENG-032,team@corp.example,eng-032@corp.example,20,0,Send
e000015315,01/01/2024 08:17:38,exec-001,HOST-EXEC-001,team@corp.example,exec-001@corp.example,17,1,Send
e000013378,01/01/2024 08:17:56,sales-013,HOST-SALES-013,team@corp.example,sales-013@corp.example,10,0,Send
e000008791,01/01/2024 08:17:56,pm-010,HOST-PM-010,team@corp.example,pm-010@corp.example,31,0,Send
