id,date,user,pc,url,activity
e000009360,01/01/2024 08:00:06,ds-002,HOST-DS-002,http://box.corp.example/,Upload
e000014347,01/01/2024 08:00:14,hr-005,HOST-HR-005,http://wiki.corp.example/,Visit
e000014986,01/01/2024 08:00:15,fin-004,HOST-FIN-004,http://vendor.example/,Visit
e000006309,01/01/2024 08:00:21,sre-008,HOST-SRE-008,http://drive.corp.example/,Upload
e000005862,01/01/2024 08:00:22,sre-005,HOST-SRE-005,http://news.example/,Visit
e000000433,01/01/2024 08:00:28,eng-003,HOST-ENG-003,http://git.corp.example/,Visit
e000012855,01/01/2024 08:00:35,sales-009,HOST-SALES-009,http://mail.corp.example/,Visit
e000013432,01/01/2024 08:00:39,sales-013,HOST-SALES-013,http://docs.example/,Visit
e000003847,01/01/2024 08:00:56,eng-032,HOST-ENG-032,http://git.corp.example/,Visit
e000004702,01/01/2024 08:01:06,eng-039,HOST-ENG-039,http://cloud.example/,Visit
e000014342,01/01/2024 08:01:45,hr-005,HOST-HR-005,http://search.example/,Visit
e000004701,01/01/2024 08:02:04,eng-039,HOST-ENG-039,http://news.example/,Visit
e000007013,01/01/2024 08:02:04,sec-001,HOST-SEC-001,http://social.example/,Visit
e000014187,01/01/2024 08:02:08,hr-004,HOST-HR-004,http://git.corp.example/,Visit
e000011273,01/01/2024 08:02:09,it-004,HOST-IT-004,http://mail.corp.example/,Visit
e000007389,01/01/2024 08:02:15,sec-004,HOST-SEC-004,http://jira.corp.example/,Visit
e000009064,01/01/2024 08:02:17,pm-012,HOST-PM-012,http://git.corp.example/,Visit
e000012421,01/01/2024 08:02:22,sales-006,HOST-SALES-006,http://cloud.example/,Visit
e000000645,01/01/2024 08:02:25,eng-005,HOST-ENG-005,http://wiki.corp.example/,Visit
e000000912,01/01/2024 08:02:28,eng-007,HOST-ENG-007,http://search.example/,Visit
e000004714,01/01/2024 08:02:32,eng-039,HOST-ENG-039,http://mail.corp.example/,Visit
e000004572,01/01/2024 08:03:00,eng-038,HOST-ENG-038,http://vendor.example/,Visit
e000013140,01/01/2024 08:03:12,sales-011,HOST-SALES-011,http://jira.corp.example/,Visit
e000011561,01/01/2024 08:03:20,it-006,HOST-IT-006,http://cloud.example/,Visit
e000001146,01/01/2024 08:03:27,eng-009,HOST-ENG-009,http://s3.vendor.example/,Upload
e000012266,01/01/2024 08:03:35,sales-005,HOST-SALES-005,http://wiki.corp.example/,Visit
e000008173,01/01/2024 08:03:36,pm-004,HOST-PM-004,http://news.example/,Visit
e000007130,01/01/2024 08:03:39,sec-002,HOST-SEC-002,http://mail.corp.example/,Visit
e000002071,01/01/2024 08:03:51,eng-017,HOST-ENG-017,http://s3.vendor.example/,Upload
e000003617,01/01/2024 08:03:54,eng-030,HOST-ENG-030,http://search.example/,Visit
e000003995,01/01/2024 08:04:02,eng-033,HOST-ENG-033,http://backup.corp.example/,Upload
e000001814,01/01/2024 08:04:06,eng-015,HOST-ENG-015,http://news.example/,Visit
e000011259,01/01/2024 08:04:17,it-004,HOST-IT-004,http://cloud.example/,Visit
e000008187,01/01/2024 08:04:29,pm-004,HOST-PM-004,http://vendor.example/,Visit
e000008399,01/01/2024 08:04:32,pm-006,HOST-PM-006,http://news.example/,Visit
e000007153,01/01/2024 08:04:39,sec-002,HOST-SEC-002,http://search.example/,Visit
e000001838,01/01/2024 08:04:42,eng-015,HOST-ENG-015,http://social.example/,Visit
e000001011,01/01/2024 08:04:48,eng-008,HOST-ENG-008,http://cloud.example/,Upload
e000002791,01/01/2024 08:05:13,eng-023,HOST-ENG-023,http://search.example/,Visit
